name,address,address2,city,state,country,zip,notes,contact,phone,fax
Mybuzz,1 Hoffman Circle,55,New York City,New York,US,10045,et tempus semper est quam pharetra magna ac consequat metus sapien,Debee Gouldstone,347-266-3178,995-892-7579
Jabbersphere,0 Coolidge Circle,20357,Mapalad,,PH,3132,neque vestibulum eget vulputate ut ultrices vel augue vestibulum ante ipsum primis in faucibus orci luctus et ultrices,Malia Weatherdon,197-981-5379,488-325-1715
Topicblab,88612 Fair Oaks Way,7989,Cogon,,PH,1686,aliquam convallis nunc proin at turpis a pede posuere nonummy integer,Wiley Brigdale,958-422-9615,899-962-6225
Trupe,4861 Sheridan Pass,8,San Pedro,,PH,4023,vulputate nonummy maecenas tincidunt lacus at velit vivamus vel nulla eget eros elementum pellentesque quisque porta,Tobin Madill,387-755-4972,784-700-7390
Yotz,40370 Stang Road,8,Kairouan,,TN,,in tempus sit amet sem fusce consequat nulla nisl nunc nisl,Obadiah Sample,656-536-9835,682-787-3779
Fatz,5 Scoville Court,75043,Krasiczyn,,PL,37-741,metus sapien ut nunc vestibulum ante ipsum primis in faucibus orci luctus et ultrices,Caprice Cadagan,985-361-5597,543-332-3487
Mycat,66 Sugar Parkway,4946,Andaluc√≠a,,CO,763008,velit nec nisi vulputate nonummy maecenas tincidunt lacus at velit vivamus vel nulla eget eros,Jody Veasey,954-596-9805,404-452-3171
Livefish,24 Artisan Street,0,Brest,Bretagne,FR,29213 CEDEX 1,suspendisse ornare consequat lectus in est risus auctor sed tristique in tempus sit amet sem,Eddie Decayette,102-873-3656,558-233-6215
Roomm,292 Crest Line Drive,10,Gribanovskiy,,RU,397243,nonummy maecenas tincidunt lacus at velit vivamus vel nulla eget eros elementum pellentesque quisque porta volutpat,Cesare Fosten,247-353-7043,248-710-4887
Yodel,29457 Eastlawn Crossing,019,Divnomorskoye,,RU,353490,turpis a pede posuere nonummy integer non velit donec diam neque,Delmer Milton,499-847-6224,868-912-6630
